"'Allo 'Allo!" (1982) {The Arrival of the Homing Duck (#5.8)}	England, UK	52.5310214	-1.2649062
"'Allo 'Allo!" (1982) {The British 'ave Come (#1.1)}	England, UK	52.5310214	-1.2649062
"'Way Out" (1961) {The Sisters (#1.3)}	New York City, New York, USA	40.7127281	-74.0060152
"'Way Out" (1961) {William and Mary (#1.1)}	New York City, New York, USA	40.7127281	-74.0060152
"(Not) Brothers" (2015)	New York City, New York, US	40.7127281	-74.0060152
"(Re)placement" (2017)	London, England, U	51.53408105	-0.4879760552033172
"(S)avis" (2008) {(#1.13)}	Teatre Nacional de Catalunya, Barcelona, Catalonia, Spain	41.3999764	2.185709260410055
"Czas honoru. Powstanie" (2014)	Walim, Dolnoslaskie, Poland	50.6974888	16.4411137
"Cztery poziomo" (2007)	Warsaw, Mazowieckie, Poland	52.2319581	21.0067249
"D poca" (2008)	Mexico	22.5000485	-100.0000375
"D' Cheddy y Manolo" (2008)	Telemicro, Santo Domingo, Dominican Republic	18.4710673	-69.89322801852529
"D' Coffee Shop Closes at 9PM" (2015)	Las Vegas, Nevada, US	36.1672559	-115.1485163
"D'Artagnan et les trois mousquetaires" (2005)	Burghley House, Stamford, Lincolnshire, England, U	52.6425003	-0.45230320487022024
"Da Vinci's City Hall" (2005) {Isn't Very Pretty But You Can Smoke It (#1.3)}	Woodward's Building, Vancouver, British Columbia, Canada	49.28253235	-123.10759823609084
"Da Vinci's City Hall" (2005) {One Man, Two Jobs (#1.4)}	Chinatown, Vancouver, British Columbia, Canada	49.2799809	-123.1040893824977
"Dad's Army" (1968) {A Brush with the Law (#5.11)}	England, UK	52.5310214	-1.2649062
"Dad's Army" (1968) {A Man of Action (#7.2)}	England, UK	52.5310214	-1.2649062
"Dad's Army" (1968) {A Soldier's Farewell (#5.3)}	England, UK	52.5310214	-1.2649062
"Daddy Diaper Diaries" (????)	Hollywood, California, US	34.0980031	-118.329523
"Daddy Diaper Diaries" (????)	Los Angeles, California, US	34.0536909	-118.242766
"Daddy di do du" (2001)	Philippines	12.7503486	122.7312101
"El bus" (2007)	Catalonia, Spain	41.8523094	1.5745043
"El cafe de Ximo" (2003)	Valencia, Comunidad Valenciana, Spain	39.4697065	-0.3763353
"El carruaje" (1972)	Mexico	22.5000485	-100.0000375
"El convidat" (2010) {(#5.12)}	New York City, New York, USA	40.7127281	-74.0060152
"El coraje de vivir" (1994)	Madrid, Spain	40.4167047	-3.7035825
"Jillaroo School" (2013)	Flinders Ranges, South Australia, Australia	-31.497	138.545
"Jillaroo School" (2013)	South Australia, Australia	-30.5343665	135.6301212
"Jillaroo School" (2013)	Outback, South Australia, Australia	-30.0407473	138.2866834
"Jills Veranda Nashville" (2014)	Nashville, Tennessee, USA	36.1622296	-86.7743531
"Jim Henson Presents the World of International Puppeteering" (1985) {Bruce Schwartz}	New York City, New York, USA	40.7127281	-74.0060152
"Jim Henson Presents the World of International Puppeteering" (1985) {Henk Boerwinkel}	Meppel, Drenthe, Netherlands	52.711744350000004	6.197307325163717
"Jin zhen tou" (1995)	Paris, France	48.8566969	2.3514616
"Jin zhen tou" (1995)	Singapore	1.357107	103.8194992
"Jin" (2009)	Tokyo, Japan	35.6828387	139.7594549
"Jin-jja Jin-jja Jong-a-hae" (2006)	Seoul, South Korea	37.5666791	126.9782914
"Jinek" (2013)	Hotel Arena, Amsterdam, Noord-Holland, Netherlands	52.3612334	4.9162951
"Jinek" (2013) {(#1.1)}	Hotel Arena, Amsterdam, Noord-Holland, Netherlands	52.3612334	4.9162951
"JoJo's Circus" (2003) {Mirror Mirror/Trina Trips Up (#1.16)}	Toronto, Ontario, Canada	43.6534817	-79.3839347
"JoJo's Circus" (2003) {My Clowny Valentine/Hop Hooey! (#3.10)}	Toronto, Ontario, Canada	43.6534817	-79.3839347
"JoJo's Circus" (2003) {My Favorite Frogsitters/Night of the Teddy Bear Dance (#2.7)}	Toronto, Ontario, Canada	43.6534817	-79.3839347
"Joan of Arcadia" (2003)	1816 1/2 N. Vermont Avenue, Los Angeles, California, US	34.1041148	-118.2916011
"Jonathan Meades: Off-Kilter" (2009) {(#1.3)}	Falkirk, West Lothian, Scotland, UK	55.9757951	-3.6132753
"Jonathan Meades: Off-Kilter" (2009) {(#1.3)}	Kirkcaldy, Fife, Scotland, UK	56.1110218	-3.1582296
"Jonathan Strange & Mr Norrell" (2015)	York Minster, York, North Yorkshire, England, UK	53.962362999999996	-1.082089092751479
"Jongleurs Live!" (2012)	London, England, UK	51.5073219	-0.1276474
"Jongo" (2016)	South Afric	-4.79477465	11.856570661388888
"Joni Jones" (1982)	North Wales, Wales, UK	53.1845436	-2.9733108
"Jonnie the Girl" (????)	Los Angeles, California, USA	34.0536909	-118.242766
"Jono's New Show" (2008)	New Zealand	-41.5000831	172.8344077
"Journeyman" (2007) {The Year of the Rabbit (#1.4)}	Echo Park, Los Angeles, California, US	34.074	-118.2608735
"Journeyman" (2007) {Winterland (#1.8)}	Echo Park, Los Angeles, California, US	34.074	-118.2608735
"Journeys in Japan" (2010)	Oshino Hakkai, Yamanashi, Japan	35.4602407	138.8327032
"Journeys to Los Angeles" (2014)	Glendale, California, USA	34.1469416	-118.2478471
"Joy at the Movies" (2016)	Tyler, Texas, USA	32.3512601	-95.3010624
"Joy at the Movies" (2016)	Dallas, Texas, USA	32.7762719	-96.7968559
"Judge Alex" (2005)	Houston, Texas, USA	29.7589382	-95.3676974
"Judy Splinters" (1949)	New York City, New York, US	40.7127281	-74.0060152
"Jue sheng" (2016)	Beijing, Chin	39.9065084	116.3912391
"Juedui Daling" (2012)	Taipei City, Taiwan	25.0375198	121.5636796
"Juice Music" (2000)	Tonga	-19.9160819	-175.2026424
"Juiced TV" (2015)	Brisbane, Queensland, Australi	-27.4689682	153.0234991
"Juicio de almas" (1964)	Mexico	22.5000485	-100.0000375
"Julia's Tango" (2007)	Amsterdam, Noord-Holland, Netherlands	52.3727598	4.8936041
"Juliet Bravo" (1980) {Hostage to Fortune (#6.1)}	Bury, Greater Manchester, England, UK	53.5927543	-2.2972827
"Julius" (2015)	Chicago, Illinois, USA	41.8755616	-87.6244212
"Justice Files" (1992) {Get the Gun!}	Baton Rouge, Louisiana, US	30.4459596	-91.18738
"Justified by Faith Alone" (2015)	Sanford, Florida, USA	28.8117297	-81.2680345
"Justified" (2010)	Green Valley, California, US	34.6200885	-118.4131734
"Justified" (2010)	Hidden Valley, California, USA	34.29462355	-119.21519699142983
"Justified" (2010)	Kittanning, Pennsylvania, USA	40.8164531	-79.5219893
"KTLA Morning News" (1991) {Gossip Girl Fashion Show}	Los Angeles, California, USA	34.0536909	-118.242766
"KTV" (2000)	Johannesburg, South Africa	-26.205	28.049722
"KTVA CBS 11 News at 10" (1980)	Anchorage, Alaska, USA	61.2163129	-149.894852
"KVIE Box Office" (2014)	Sacramento, California, US	38.5810606	-121.4938951
"Kailin Gow's Go Girl" (2016)	Taiwan	23.9739374	120.9820179
"Kaitangata Twitch" (2010)	New Zealan	-41.611982850000004	175.29008391754445
"Kalgoorlie Cops" (2011)	Kalgoorlie, Western Australia, Australia	-30.7464139	121.473223
"Kali" (2010)	Paris, Franc	46.540641	4.5407089
"Kali: A Superhero Series" (2016)	Bangladesh	24.4768783	90.2932426
"Kallakaffi" (2005)	Icelan	6.9200933	79.84856687613518
"Kamen Rider Build" (2017)	Tokyo, Japan	35.6828387	139.7594549
"Kamen Rider OOO" (2010)	Tokyo, Japan	35.6828387	139.7594549
"Kamen Rider: Dragon Knight" (2008)	Hollywood, Los Angeles, California, USA	34.0980031	-118.329523
"Kanaani" (2011)	Dallas, Texas, USA	32.7762719	-96.7968559
"Kanadische Trï¿½ume - Eine Familie wandert aus" (1999)	Ontario, Canada	50.000678	-86.000977
"Karaoke na Maidane" (1997)	Barcelona, Spai	41.3164644	2.0843610937948327
"Karaoke" (1996)	London, England, UK	51.5073219	-0.1276474
"Karaoke-Dokey" (2007)	Nashville, Tennessee, US	36.1622296	-86.7743531
"Karate Tortoise" (2016)	New York City, New York, USA	40.7127281	-74.0060152
"La mesera" (1963)	Mexico	22.5000485	-100.0000375
"La meva" (2013) {Corresponsals (#2.4)}	Jerusalem, Israel	31.79592425	35.21198075969497
"Making Hollywood" (2010)	San Francisco, California, USA	37.7790262	-122.4199061
"Making Hollywood" (2010)	Syracuse, New York, USA	43.0481221	-76.1474244
"Making House" (2011)	Toronto, Ontario, Canada	43.6534817	-79.3839347
"Making It Again?" (2017) {Reality (#1.1)}	Parkview Christian Academy, Yorkville, Illinois, USA	41.647858049999996	-88.44810510864477
"Malas compaï¿½ï¿½as" (2017)	Alacant, Alacant, Comunitat Valenciana, Spain	38.353738	-0.4901846
"Malaterra" (2015)	Corsica, France	42.188089649999995	9.068413771427695
"Malchik so shpagoy" (1976)	Russia	64.6863136	97.7453061
"Malcolm in the Middle" (2000)	12334 Cantura Street, Studio City, Los Angeles, California, US	34.142016020408164	-118.40151604081633
"Malibu Shores" (1996)	Los Angeles, California, USA	34.0536909	-118.242766
"Malice: Metamorphosis" (2014) {Episode One (#1.1)}	Falls Church, Virginia, USA	38.882334	-77.1710914
"Malicia" (1995)	Barranco, Lima, Peru	-12.143959	-77.02026805535999
"Malta Gira" (1995)	Teatro Vasco Santana, Portugal	38.7027644	-9.3626611
"Mame u strajku" (2009)	Belgrade, Serbia	44.8178131	20.4568974
"Mamlechet Hakuzarim" (1997)	Volga Delta, Russia	52.9700202	49.7040282
"Neighbours" (1985) {It Feels So Right (#1.4621)}	Melbourne, Australia	-37.8142176	144.9631608
"Neighbours" (1985) {It Feels So Right (#1.4621)}	Australia	-24.7761086	134.755
"Neotlozhka" (2004)	Moscow, Russia	55.7504461	37.6174943
"Nepal Idol" (2017)	Nepal	28.1083929	84.0917139
"Nerds with Mics" (2016)	Chesapeake, Ohio, US	38.4280541	-82.4572416
"Nerds with Mics" (2016)	Fort Lauderdale, Florida, US	26.1223084	-80.1433786
"Nerdtabulous" (2015)	Los Angeles, California, USA	34.0536909	-118.242766
"Nerf Arrow" (2015)	Oregon, US	43.9792797	-120.737257
"Nerve Center" (2011) {Grand Central Terminal (#1.1)}	Grand Central Station, Manhattan, New York City, New York, USA	40.752701200000004	-73.97724987363358
"Nessundorma" (2004)	Milan, Lombardia, Italy	45.4668	9.1905
"Nest" (2001)	Australia	-24.7761086	134.755
"Neujahrskonzert der Wiener Philharmoniker" (1980) {2004}	Vienna, Austria	48.2083537	16.3725042
"Never Mind the Buzzcocks" (1996) {(#1.1)}	England, UK	52.5310214	-1.2649062
"Never the Twain" (1981)	Hersham, Surrey, England, U	51.3655959	-0.3996815
"Neverland the Webseries" (2015)	Sparta, New Jersey, USA	41.0401567	-74.6310081
"New Amsterdam" (2008) {Golden Boy (#1.2)}	General Theological Seminary, Manhattan, New York City, New York, USA	40.74528	-74.00472
"New Breed Vets with Steve Irwin" (2007) {Tsunami (#1.2)}	Australia Zoo, Sunshine Coast, Queensland, Australia	-26.83662725	152.9638404033555
"New City Beat" (2017)	Pasadena, California, US	34.1476452	-118.1444779
"New Classics with Chef Rob Feenie" (2000) {West Coast Christmas}	Tofino, British Columbia, Canada	49.1529643	-125.9047083
"New Horizons" (1996)	China	35.000074	104.999927
"New Jewish Cuisine" (1999)	Los Angeles, California, USA	34.0536909	-118.242766
"News at Ten" (1967) {(2017-06-19)}	Brussels, Belgiu	50.8465573	4.351697
"News for Kids" (1993)	Denver, Colorado, US	39.7392364	-104.9848623
"News2Gamers TV" (2016)	England, U	52.5833555	-1.9840911
"Previn and the Pittsburgh" (1977) {The Music That Made the Movies}	Pittsburgh, Pennsylvania, USA	40.4416941	-79.9900861
"Prey" (1998)	Burbank, California, USA	34.1816482	-118.3258554
"Pride or Principle" (2017)	London, England, UK	51.5073219	-0.1276474
"Pride: The Series" (2014)	New York City, New York, USA	40.7127281	-74.0060152
"Priisk" (2007)	St. Petersburg, Russia	59.938732	30.316229
"Prikazano unichtozhit. Operatsiya 'Kitayskaya shkatulka" (2009)	Lviv, Ukraine	49.841952	24.0315921
"Primal Grill with Steven Raichlen" (2008) {Vegetarians at the Grill (#1.6)}	Tubac Golf Resort & Spa, Tubac, Arizona, US	31.62845685	-111.0396376538014
"Primary Issues" (2011)	Washington, District of Columbia, USA	38.8950368	-77.0365427
"Prime Radicals" (2011)	Ottawa, Ontario, Canada	45.421106	-75.690308
"Prime Suspect 1973" (2017)	London, England, UK	51.5073219	-0.1276474
"Prime Suspect 1973" (2017) {(#1.1)}	England, UK	52.5310214	-1.2649062
"Prime TV" (2012)	Dallas, Texas, USA	32.7762719	-96.7968559
"Prime Time Country" (1996) {An Evening with Dolly Parton}	Nashville, Tennessee, US	36.1622296	-86.7743531
"Prime Time Justice" (1997)	New York City, New York, USA	40.7127281	-74.0060152
"Prime Votes" (2010)	Washington, District of Columbia, USA	38.8950368	-77.0365427
"Primeiro Amor" (1995)	Sintra, Lisbon, Portugal	38.8355605	-9.352225245746453
"Primus" (1971) {Trial and Terror (#1.3)}	Key West, Florida Keys, Florida, USA	24.5754238	-81.7334235
"Primus" (1971) {Trial and Terror (#1.3)}	Nassau, New Providence Island, Bahamas	25.0783456	-77.3383331
"Profiles" (2001)	Toronto, Canad	46.2463397	20.157485
"Profit" (1996)	Vancouver, British Columbia, Canada	49.2608724	-123.1139529
"Project Lotus" (2010)	South Korea	36.638392	127.6961188
"Project Runway: Threads" (2014)	Los Angeles, California, USA	34.0536909	-118.242766
"Project Runway: Threads" (2014) {Red Carpet (#1.1)}	Los Angeles, California, USA	34.0536909	-118.242766
"Project Schoolies" (2012)	Gold Coast, Queensland, Australia	-28.0023731	153.4145987
"Project Syrum" (2015)	Detroit, Michigan, USA	42.3315509	-83.0466403
"Project This, Bitch" (2006)	New York City, New York, USA	40.7127281	-74.0060152
"Prosperity" (2007)	Dublin, County Dublin, Ireland	53.3497645	-6.2602732
"Prosto w serce" (2011)	Poland	52.215933	19.134422
"Psychic Investigators" (2006) {Tunnel Vision (#2.12)}	Toronto, Ontario, Canada	43.6534817	-79.3839347
"Psychic Matchmaker" (2015)	Delray Beach, Florida, US	26.4614625	-80.0728201
"Public Eye" (1965) {What's to Become of Us? (#7.6)}	Portsmouth Road, Surbiton, Surrey, England, U	51.3926442	-0.3170611
"Public Morals" (2015)	New York City, New York, USA	40.7127281	-74.0060152
"Pul Ta-nun Pada" (1984)	South Korea	36.638392	127.6961188
"Pulaski" (1987)	England, UK	52.5310214	-1.2649062
"Pump Up the Volume" (2001)	New York City, New York, USA	40.7127281	-74.0060152
"Pumped!" (2011)	Bensalem Township, Pennsylvania, USA	40.10276155	-74.9321395088034
"Sekai Gyoten News" (2000) {Weepy-Voiced Killer (#3.4)}	Orlando, Florida, USA	28.5421109	-81.3790304
"Sekai Gyoten News" (2000) {Weepy-Voiced Killer (#3.4)}	Resurrection Catholic Church - 1211 S. Vineland Road, Winter Garden, Florida, USA	28.548320699999998	-81.58715724723271
"Sekai baribari value" (2003)	Osaka, Japan	34.6198813	135.490357
"Sekai wa ima" (2015)	Hollywood, California, USA	34.0980031	-118.329523
"Sell This House" (2003) {Tacoma, Washington: Sandy & Gary Sample (#2.1)}	Tacoma, Washington, USA	47.2495798	-122.4398746
"Seller's Market" (2017)	Kelowna, British Columbia, Canada	49.8879177	-119.4959025
"Senior Living on Location" (2012) {Young Inside (#1.13)}	Victoria, British Columbia, Canada	48.4283182	-123.3649533
"Senior Year" (2002)	Los Angeles, California, USA	34.0536909	-118.242766
"Sensing Murder" (2004)	Australia	-24.7761086	134.755
"Serangoon Road" (2013) {Tracks of My Tears (#1.6)}	Batam, Indonesi	1.1061034	104.0378246
"Serbian Toronto Television" (2014)	Toronto, Ontario, Canada	43.6534817	-79.3839347
"Serce" (2008)	Istanbul, Turke	45.5150879	14.7511261
"Sol de Inverno" (2013)	Aeroporto, Lisbon, Portugal	38.768620850000005	-9.128247856220423
"Solamente Julia" (2013)	Santiago, Chile	-33.4377756	-70.6504502
"Solamente vos" (2013)	Argentina	-34.9964963	-64.9672817
"Soldiers of the Apocalypse" (2011)	Vancouver, British Columbia, Canada	49.2608724	-123.1139529
"Sole Kings" (2017)	Brooklyn, New York, US	40.6501038	-73.9495823
"Some Experience Required" (2017)	Savannah, Georgia, USA	32.0809263	-81.0911768
"Son Aga" (2008)	Urgup, Nevsehir, Turkey	38.5928197	34.95890200750077
"Son of God" (2001)	Eilat, Israel	29.5569348	34.9497949
"Son of Somerset Files" (2014) {(#1.8)}	Moulton, Alabama, US	34.4817816	-87.2919449
"Son of Svengoolie" (1978)	Chicago, Illinois, USA	41.8755616	-87.6244212
"Sono hi no mae ni" (2014)	Tokyo, Japan	35.6828387	139.7594549
"Sons and Daughters" (1982) {(#6.1)}	Australia	-24.7761086	134.755
"Sons and Daughters" (1991)	Portland, Oregon, USA	45.5202471	-122.6741949
"Sons do Sol" (1992)	Lisbon, Portugal	38.7077507	-9.1365919
"The Fugitive" (2000)	Arlington, Washington, US	48.1810957	-122.1389548
"The Game of the Century" (1978)	USA	39.7837304	-100.4458825
"The Game" (1989)	Johannesburg, South Africa	-26.205	28.049722
"The Garden Transformed: Year Three" (2013)	New York City, New York, USA	40.7127281	-74.0060152
"The Garry Haley Experience" (2015)	Los Angeles, California, USA	34.0536909	-118.242766
"The Garry Moore Show" (1958)	Studio 43, CBS Television City - 7800 Beverly Blvd., Fairfax, Los Angeles, California, US	34.0746936	-118.35963130080704
"The Gates" (2010) {What Lies Beneath (#1.2)}	Shreveport, Louisiana, USA	32.5221828	-93.7651944
"The Gathering Place" (1999)	Toronto, Ontario, Canada	43.6534817	-79.3839347
"The Gathering" (2007)	Toronto, Ontario, Canada	43.6534817	-79.3839347
"The George Gobel Show" (1954)	Studio 33, CBS Television City - 7800 Beverly Blvd., Fairfax, Los Angeles, California, US	34.0746936	-118.35963130080704
"The Girl's Guide to Depravity" (2012) {The Wingwoman Rule (#2.9)}	Chicago, Illinois, USA	41.8755616	-87.6244212
"The Girlfriend Experience" (2016)	Toronto, Ontario, Canada	43.6534817	-79.3839347
"The Golden Years" (2002)	Toronto, Ontario, Canada	43.6534817	-79.3839347
"The Goldenboy" (2015)	Los Angeles, California, USA	34.0536909	-118.242766
"The Goober Brothers" (2005)	Auckland, New Zealand	-36.852095	174.7631803
"The Good Book" (2017)	Riverside, California, USA	33.9533546	-117.3961623
"The Gossip Show" (1993) {(#6.9)}	USA	39.7837304	-100.4458825
"The Gossip Show" (1993) {(1998-02-05)}	USA	39.7837304	-100.4458825
"The Gray Ghost" (1957)	Jackson, California, USA	38.3488024	-120.7741018
"The Torch" (1992)	Teide National Park, Tenerife, Canary Islands, Spain	28.2687962	-16.63740291290725
"The Toronto Show" (2003)	Toronto, Ontario, Canada	43.6534817	-79.3839347
"The Torque Show" (2010)	Mumbai, India	19.0759899	72.8773928
"The Tourist" (1996)	USA	39.7837304	-100.4458825
"The Tower" (2004)	The Tower of London, London, England, UK	51.5080898	-0.07620836346036469
"The Tracy Morgan Show" (2003)	Los Angeles, California, USA	34.0536909	-118.242766
"The Twentieth Century" (1957) {Zero Hour in Greece (#6.8)}	Greece	38.9953683	21.9877132
"The Twenty-Somethings" (2016)	Philadelphia, Pennsylvania, USA	39.9527237	-75.1635262
"The Twilight Zone" (1959)	Yuma, Arizona, USA	32.665135	-114.47603157249804
"The United States Steel Hour" (1953) {You Can't Win (#5.7)}	New York City, New York, USA	40.7127281	-74.0060152
"The Universe" (2007) {Beyond the Big Bang (#1.14)}	Bell Labs, Holmdel, New Jersey, USA	40.3633953	-74.1735284177252
"The Unusuals" (2009)	New York City, New York, USA	40.7127281	-74.0060152
"The Urban Grocer" (2011)	Uruguay	-32.8755548	-56.0201525
"The Urban Vegetarian" (2017)	Ottawa, Ontario, Canada	45.421106	-75.690308
"The Ushers: A Dark Tale of a Bright Night" (2013)	UK	54.7023545	-3.2765753
"The Vampire Secrets" (2011)	Studio City, Los Angeles, California, USA	34.1483989	-118.3961877
"The Vamps Next Door" (2011)	Los Angeles, California, USA	34.0536909	-118.242766
"The Vegas Motel Diary" (2015)	Las Vegas, Nevada, USA	36.1672559	-115.1485163
"The Vinnie Langdon Show" (2004)	Vacaville, California, USA	38.3565773	-121.9877444
"The Vinny Vella Show" (2013)	New York City, New York, US	40.7127281	-74.0060152
"The Viral Fear Fest" (2015)	Rochester, New York, USA	43.157285	-77.615214
"The Virgin Mattress" (2010)	Columbia, Missouri, USA	38.951883	-92.3337366
"The Virgin Queen" (2005)	Alnwick Castle, Alnwick, Northumberland, England, U	55.41546099999999	-1.7065170268123597
"The Voice, India" (2016)	Mumbai, India	19.0759899	72.8773928
"The Walking Dead: Lee Everett" (2014)	Connecticut, US	41.6500201	-72.7342163
"The Walking Dead: Webisodes" (2011)	Los Angeles, California, USA	34.0536909	-118.242766
"The Walking Tedd" (2013)	Los Angeles, California, USA	34.0536909	-118.242766
"The Wally Show Podcast" (2013)	Nashville Tennessee, USA	36.1622296	-86.7743531
"Undercover" (2016/I)	Cornwall, England, U	50.416667	-4.75
2003 Much Music Video Music Awards (2003) (TV)	Toronto, Ontario, Canada	43.6534817	-79.3839347
2003 NBA All-Star Game (2003) (TV)	Philips Arena - 1 Philips Drive, Atlanta, Georgia, USA	33.7573698	-84.39638483503104
2013 Hyundai Sun Bowl (2013) (TV)	Sun Bowl Stadium, Sun Bowl Drive, El Paso, Texas, USA	31.7733646	-106.50794006545833
2013 Kabaddi World Cup (2013)	Vancouver, British Columbia, Canada	49.2608724	-123.1139529
2013 Lodi Cyclefest (2014)	Lodi, California, USA	38.092239500000005	-121.38984593366523
21st Century Wolf (2006)	London, England, UK	51.5073219	-0.1276474
21st International Phillip Island Classic (2014) (TV)	Phillip Island, Victoria, Australia	-38.5074036	145.18848037908447
22 (2000) (V)	Oslo, Norway	59.9133301	10.7389701
28 Days Later... (2002)	Pinewood Studios, Iver Heath, Buckinghamshire, England, UK	51.5478149	-0.5315999
30 Days (2011)	West Miami, Florida, USA	25.7632181	-80.2958939
30 Days Until I'm Famous (2004) (TV)	Los Angeles, California, USA	34.0536909	-118.242766
30 Days in 5 Minutes (2015/I)	Rock Hill, South Carolina, USA	34.9248667	-81.0250784
Abendland (2011)	Slovakia	48.7411522	19.4528646
Abenteuer eines Traumes (1997)	Romania	45.9852129	24.6859225
Above the Drowning Sea (2017)	Israel	31.5313113	34.8667654
Above the Dust Level (2000)	Sydney, New South Wales, Australia	-33.8548157	151.2164539
Above the Fire (2012)	Charlotte, North Carolina, USA	35.2272086	-80.8430827
Abraham Lincoln: Vampire Hunter (2012)	New Orleans, Louisiana, USA	29.9499323	-90.0701156
Abraham Obama (2009)	Denver, Colorado, USA	39.7392364	-104.9848623
Absent in the Present (????)	1729 Springfield Ave Maplewood, New Jersey, USA	40.721597157894735	-74.26260742105264
Absentee (2008)	Manchester, Greater Manchester, England, UK	53.4794892	-2.2451148
Abunai deka forever the movie (1998)	Tokyo, Japan	35.6828387	139.7594549
Abundant Acreage Available (2017)	East Bend, North Carolina, US	36.216528	-80.512558
Across the Line: The Exodus of Charlie Wright (2010) (V)	Mexico	22.5000485	-100.0000375
Across the Moon (1995)	Mohave Desert, California, USA	33.717661	-116.378784
Across the Mountain Passes of New Zealand (1910)	New Zealand	-41.5000831	172.8344077
Across the Narrow Bridge (2010)	Ukraine	49.4871968	31.2718321
Act of Dishonour (2010)	Tajikistan	38.6281733	70.8156541
Act of Faith (2012)	London, England, UK	51.5073219	-0.1276474
Act of God (2009/I)	Cuba	23.0131338	-80.8328748
Ad Sof Hayom (2014)	Jisr az-Zarqa, Israel	32.5375618	34.9132199
Ad Vitam (2006)	Lisbon, Portugal	38.7077507	-9.1365919
Ad libitum 1. Angliyski duet alla turca (2000)	Evksinograd, Varna, Bulgaria	43.2469098	27.9868051
Adikos kosmos (2011)	Athens, Greece	37.9839412	23.7283052
Adil (1988)	Bangladesh Film Development Corporation, Dhaka, Banglades	23.752312949999997	90.39786849007984
Adil geht (2005)	Altenburg, Thuringia, Germany	50.9852411	12.4340988
Adventures in the Sin Bin (2012)	Park Ridge, Illinois, USA	42.0112329	-87.8406031
Adventures of Bailey: A Night in Cowtown (2013)	Billy Bob's Texas - 2520 Rodeo Plaza, Fort Worth, Texas, USA	32.7913227	-97.3479
Beloe solntse pustyni (1970)	Makhachkala, Dagestan, Russia	42.9830241	47.5048717
Beloeil (1958)	Beloeil, Belgium	50.53155255	3.68833354838313
Belofte Maakt Schuld (2014)	Amsterdam, Noord-Holland, Netherlands	52.3727598	4.8936041
Ben & Greg's Boozy Breakfast (2012) (TV)	Mitte, Berlin, Germany	52.5178855	13.4040601
Bengt Forslund on 'Here Is Your Life' (2015)	Swede	59.6749712	14.5208584
Benidorm (1961)	Benidorm, Alicante, Comunidad Valenciana, Spain	38.5406255	-0.1290929
Benvenuti al sud (2010)	Rome, Lazio, Italy	41.8933203	12.4829321
Benvenuti in amore (2008)	Arezzo, Tuscany, Italy	43.51720195	11.763879181253118
Berggorillas - Ugandas sanfte Riesen (2009) (TV)	Uganda	1.5333554	32.2166578
Besni prerok (2011)	Ljubljana, Slovenia	46.0499803	14.5068602
Best Wishes Mason Chadwick (1995)	Vancouver, British Columbia, Canada	49.2608724	-123.1139529
Best Worst Halloween (2012)	Chicago, Illinois, US	41.8755616	-87.6244212
Best in Blue (2011)	Fayetteville, Arkansas, USA	36.0625843	-94.1574328
Beste Freundinnen (2013) (TV)	Hamburg, German	53.5459413	9.9980125
Beste Gegend (2008)	Austria	47.2	13.2
Blood Sugar: A Splatterpunk Fairy Tale (2015)	Blackpool, Lancashire, England, U	53.7729602	-3.031264685912298
Blood Surf (2017)	New York City, New York, USA	40.7127281	-74.0060152
Blood Relative (2017)	Sebastopol, California, USA	38.3845125	-122.8332501583744
Blood Oranges (2011)	Las Vegas, Nevada, US	36.1672559	-115.1485163
Blood Orgy at Beaver Lake (2012) (V)	Berville, Michigan, USA	42.9083621	-82.8829846
Blood Moon Rising (????)	Cedar Springs, Michigan, USA	43.22336	-85.551424
Blood Moon River (2017)	Winamac, Indiana, US	41.0514299	-86.6030648
Blood Is Thicker (2016)	Nashville, Tennessee, USA	36.1622296	-86.7743531
Blood Is Thicker (2016)	Tennessee, USA	35.7730076	-86.2820081
CHoisir ï¿½ vingt ans (2017)	Switzerland	46.7985624	8.2319736
Cado dalle nubi (2009)	Morimondo, Milan, Lombardia, Italy	45.3524418	8.9548111
California Poultry (1913)	Petaluma, California, USA	38.270022	-122.60612241304348
Camel Transport Entering Pekin (1900)	Beijing, China	39.9065084	116.3912391
Cannonball Run (2017)	Havana, Cuba	23.135305	-82.3589631
Captain Mike Across America (2007)	California, USA	36.7014631	-118.755997
Caring for Indigenous People with Dementia in Remote Areas: Perspectives from the Northern Territory (2009) (V)	Hermannsburg, Northern Territory, Australia	-23.9427685	132.7794582
Carousel (1956)	Augusta, Maine, USA	44.310545	-69.7792759
Casa da Mï¿½e Joana (2008)	Rio de Janeiro, Rio de Janeiro, Brazil	-22.9110137	-43.2093727
Casting Call: Short Film (2010) (V)	San Diego, California, USA	32.7174202	-117.1627728
Cerro Torre: Schrei aus Stein (1991)	Munich, Bavaria, Germany	48.1371079	11.5753822
Champagne: A-Dilla (2014)	Paris, Franc	46.540641	4.5407089
Chapter 9 (2016)	Barnsley, South Yorkshire, England, UK	53.5527719	-1.4827755
Charterman (2006) (TV)	Dundee, Scotland, U	56.4605938	-2.97019
Cheaters' Club (2006) (TV)	Hamilton, Ontario, Canada	43.2560802	-79.8728583
Chessboxing: The King's Discipline (????)	Toronto, Ontario, Canada	43.6534817	-79.3839347
Child Support (????)	Tennessee, USA	35.7730076	-86.2820081
Chinas wilder Westen (2007) (TV)	Kumul, Xinjiang, China	42.817404	93.5142008
Chor Bani Thangaat Kare (2017)	Ahmedabad, Gujarat, India	23.0216238	72.5797068
Christopher Roth (2010)	Italy	42.6384261	12.674297
Cicak-man (2006)	Malaysia	4.5693754	102.2656823
Classified (2008)	Harlem, New York, USA	40.8078786	-73.9454154
Club Paradise (1986)	The Burbank Studios, Burbank, California, US	34.1541578	-118.33330354367453
Code Name Abdul (2018)	New York City, New York, USA	40.7127281	-74.0060152
Coldplay: Violet Hill, Version 1 (2008) (V)	Mount Etna, Catania, Sicily, Italy	37.7487871	14.966850147778693
Comes But Once a Year (2011)	London, England, UK	51.5073219	-0.1276474
Commute (2009)	Century City, Los Angeles, California, USA	34.0573589	-118.4146078
Concentraciï¿½n parcelaria en Azuqueca de Henares (1962)	Azuqueca de Henares, Guadalajara, Castilla-La Mancha, Spain	40.5684256	-3.2621585
Conte d'ï¿½tï¿½ (1996)	Saint-Malo, Ille-et-Vilaine, France	48.6454528	-2.015418
Cookie Monster vs. Parental Controls (2011)	Brooklyn, New York City, New York, USA	40.6501038	-73.9495823
Cornbread, Earl and Me (1975)	Richmond, Virginia, US	37.5385087	-77.43428
Craig Ferguson: A Wee Bit o' Revolution (2009) (TV)	Wilbur Theatre, Boston, Massachusetts, US	42.3507175	-71.0646947
Creature from the Black Lagoon (1954)	Jacksonville, Florida, USA	30.3321838	-81.655651
Cry Baby Lane (2000) (TV)	Kingston, NJ, USA	40.373057	-74.60551142628361
Cuchillo (1978)	Bavispe, Sonora, Mexico	30.64958635	-109.07011790903056
Curry Munchers (2011)	New Delhi, Delhi, India	28.6138954	77.2090057
Cynthia of the Minute (1920)	Tampa, Florida, USA	27.9477595	-82.458444
D.O.D. (2008)	Raleigh, North Carolina, USA	35.7803977	-78.6390989
Daddy (2003)	Stephentown, New York, USA	42.5486929	-73.3739973
Damaged Goods (2013)	England, UK	52.5310214	-1.2649062
Dancing in the Rain (????)	Boulder, Colorado, USA	40.0149856	-105.2705456
Dark Klouds (2013)	El Paso, Texas, USA	31.7754152	-106.464634
Date with Love (2016) (TV)	Canada	61.0666922	-107.991707
Dawn! (1979)	Sydney, New South Wales, Australia	-33.8548157	151.2164539
De Maagd van Gent (2014)	Gent, Oost-Vlaanderen, Belgium	51.0538286	3.7250121
Dead Man (1995)	Los Angeles, California, USA	34.0536909	-118.242766
Deadly Addiction (1988)	Hollywood, Los Angeles, California, USA	34.0980031	-118.329523
Death Before Discomfort (2016)	Schenectady, New York, USA	42.8142432	-73.9395687
Death on the Nile (1978)	Giza, Egypt	29.9870753	31.2118063
Decorating with Fair (1988) (V)	Jonesboro, Arkansas, USA	35.8428646	-90.7034522
Demon Lake (????)	Lexington, Tennessee, USA	35.650903	-88.3933796
Der Rï¿½uber (2010)	Vienna, Austria	48.2083537	16.3725042
Der blaue Mond (1989)	Cologne, North Rhine-Westphalia, Germany	50.938361	6.959974
Dernier jour ï¿½ Paris (2004)	Montmartre, Paris 18, Paris, France	48.8867054	2.3415715
Desi Magic (2017)	Venice, Veneto, Italy	45.4371908	12.3345898
Destiny of a Spy (1969) (TV)	London, England, UK	51.5073219	-0.1276474
Diabel (1988) (TV)	Warsaw, Mazowieckie, Poland	52.2319581	21.0067249
Diceworld (1999) (TV)	New York City, New York, USA	40.7127281	-74.0060152
Die Entfï¿½hrung (1999) (TV)	Berlin, Germany	52.5170365	13.3888599
Die Spielwï¿½tigen (2004)	New York, USA	40.7127281	-74.0060152
Die groï¿½e Depression (2005)	Buchenwald, Weimar, Thuringia, Germany	51.0195868	11.2508336
Digging Up Graves (2008)	Anderson, South Carolina, USA	34.5068601	-82.6506264
Dinner Time (2005)	Sherman Oaks, Los Angeles, California, USA	34.1508718	-118.4489865
Dirty Pigeons (2008) (TV)	New Jersey, USA	40.0757384	-74.4041622
Disorder (2009/IV)	Ann Arbor, Michigan, USA	42.2681569	-83.7312291
Divorce Invitation (2012)	Malibu, California, USA	34.035591	-118.689423
Dobby Dobson: An Interview with Jamaica's Music Ambassador (2009)	Miami, Florida, USA	25.7741728	-80.19362
Dogfight (1991)	Wallingford District, Seattle, Washington, USA	47.65287925	-122.32895568045222
Domino (2018)	Italy	42.6384261	12.674297
Don't Look Up (2009)	Los Angeles, California, USA	34.0536909	-118.242766
Door to Door (2010/IV)	Saratoga, California, US	37.2638324	-122.0230146
Double Agent (2015) (V)	Los Angeles, California, US	34.0536909	-118.242766
Down the Rabbit Hole (2012) (V)	Hollywood, Los Angeles, California, USA	34.0980031	-118.329523
Dracula 3000 (2004)	South Africa	-28.8166236	24.991639
Dream Girl (2009/III)	York, North Yorkshire, England, UK	53.9590555	-1.0815361
Dreptatea (1989)	Romania	45.9852129	24.6859225
Du zi deng dai (2004)	Beijing, China	39.9065084	116.3912391
Dumb and Dumber (1994)	Aspen, Colorado, USA	39.1911128	-106.8235606
Dvorak and America (2000)	Czech Republic	49.8167003	15.4749544
Dï¿½da din chef (2012)	Linz, Upper Austria, Austria	48.3059078	14.286198
Ecaterina Teodoroiu (1921)	Romania	45.9852129	24.6859225
Edge of Sanity (????)	Atlanta, Georgia, USA	33.7489924	-84.3902644
Ehe mit beschrï¿½nkter Haftung (1931)	Berlin, Germany	52.5170365	13.3888599
Eine Hand wï¿½scht die andere (2012) (TV)	Buxtehude, Lower Saxony, Germany	53.4767351	9.7003941
El descubrimiento (2009)	Tampico, Tamaulipas, Mexico	22.2329889	-97.8614802
El hijo de Huracï¿½n Ramï¿½rez (1966)	Mexico	22.5000485	-100.0000375
El que Tiene mas saliva, traga mas... (1976)	Mexico	22.5000485	-100.0000375
El triunfo: Santuario de flor y fauna (1988)	Mexico	22.5000485	-100.0000375
Electricity Safety First (2016)	Studio Manchester, England, UK	53.46376255	-2.234284197729347
Embrace (2016/I)	Brighton Jetty, Brighton, South Australia, Australia	-35.017473949999996	138.5126195951755
Empty (2010/III)	Manhattan, Kansas, USA	39.1836082	-96.5716694
Endless Yard Sale 2013 (2013) (TV)	Albany, Kentucky, US	36.6917878	-85.1353856
Entangled (2007)	Glendale, California, USA	34.1469416	-118.2478471
Epilogue (2008/III)	Lansing, Michigan, USA	42.7337712	-84.5553805
Ernsthaft Sterben (2015)	Munich, Germany	48.1371079	11.5753822
Estaciones de invierno (1969)	Pajares, Oviedo, Asturias, Spain	43.1122687	-5.8211145
Evermore (2015)	London, England, UK	51.5073219	-0.1276474
Exit K1 (2012)	Athens, Greece	37.9839412	23.7283052
Eyes Wide Shut (1999)	Gower Street Practice, Gower Street, Bloomsbury, London, England, U	51.5203745	-0.13009934999999168
Fais-moi des vacances (2002)	Paris, France	48.8566969	2.3514616
False Security (2008)	USA	39.7837304	-100.4458825
Fangoria: Blood Drive (2004) (V)	Van Nuys, Los Angeles, California, USA	34.1866193	-118.4486669
Farewell, My Lovely (1975)	Downtown, Los Angeles, California, USA	34.0428494	-118.2476732
Fatal Attraction (1987)	Ossining, New York, USA	41.1609095	-73.87816187585699
Fei zhou he shang (1991)	England, UK	52.5310214	-1.2649062
Fest der Alten (2008)	Bad Honnef, North Rhine-Westphalia, Germany	50.6448582	7.2272534
Fifi & Mr. Pickles (2014)	Pflugerville, Texas, USA	30.4393696	-97.6200043
Film in Rom (1967) (TV)	Rome, Italy	41.8933203	12.4829321
Finding Big Pink: I Pulled Into Nazareth... (2016)	Woodstock, New York, US	40.7127281	-74.0060152
Fire Under the Ashes (2013)	Tehran, Iran	35.6892523	51.3896004
First Out (2006) (V)	West Hollywood, California, US	34.0923014	-118.3692894
Fleetwood Mac in Concert: Mirage Tour 1982 (1983) (V)	Los Angeles, California, USA	34.0536909	-118.242766
Flochness (2016)	Chino Hills, California, US	33.9926803	-117.760056
Flux (2006)	New York, USA	40.7127281	-74.0060152
Foo gwai lit che (1986)	Hong Kong, China	22.2793278	114.1628131
For My Baby (1997)	Hungary	47.1817585	19.5060937
Forced Garbage Kids (2015)	Jorda	61.6985055	9.7477806
Forgotten Scares: An In-depth Look at Flemish Horror Cinema (2016)	Zichem, Belgium	51.0014178	4.9856978
Four Assassins (2013)	Hong Kong, China	22.2793278	114.1628131
Fragments of Terror (1985)	Adelaide, South Australia, Australia	-34.9281805	138.5999312
Free of Eden (1998) (TV)	New York City, New York, USA	40.7127281	-74.0060152
Fresh Canvas (2011)	Hull, East Riding of Yorkshire, England, UK	53.7624265	-0.9319502
From the Mouthpiece on Back (2008)	New Orleans, Louisiana, USA	29.9499323	-90.0701156
Fuera de foco (2013)	Mexico	22.5000485	-100.0000375
Funny Bones (1995)	The Promenade, St Anne's on Sea, Fylde, Lancashire, England, UK	53.7514477	-3.0363774
Fï¿½hn (1950)	Switzerland	46.7985624	8.2319736
Gal Young Un (1979)	Florida, USA	27.7567667	-81.4639835
GasHole (2010)	San Francisco, California, USA	37.7790262	-122.4199061
Gelato with Whisky (2011)	USA	39.7837304	-100.4458825
Geo Sar Utha Kay (2017)	Rajanpur, Pakistan	29.1042715	70.3283163
Get Him to the Greek (2010)	Lambeth Bridge, Westminster, London, England, UK	51.4945455	-0.12305300897163444
Ghost Closet '07 (2009)	Miami, Florida, USA	25.7741728	-80.19362
Gibraltar on the Pacific (1996) (TV)	San Diego, California, USA	32.7174202	-117.1627728
Girl Trouble (2007)	Mississippi, USA	32.9715645	-89.7348497
Glamoure: Sex Machine (2014) (V)	Albuquerque, New Mexico, US	35.0841034	-106.6509851
Globos de Ouro 1995 (1996) (TV)	Lisbon, Portugal	38.7077507	-9.1365919
God Bless (2005)	Los Angeles, California, USA	34.0536909	-118.242766
Going Kinski (2011)	Punchana, Peru	-3.51079865	-73.4877773273586
Good Grief (2014/I)	Forest Hill, London, England, UK	51.439108	-0.0539538
Grace Is Gone (2007)	Niles, Illinois, USA	42.0289319	-87.8122348
Granville (2011)	Chicago, Illinois, USA	41.8755616	-87.6244212
Greeku Veerudu (2013)	New York City, New York, US	40.7127281	-74.0060152
Grihajuddha (1982)	Calcutta, West Bengal, India	22.5726723	88.3638815
Grï¿½fin Mariza (1958)	Burgenland, Austria	47.5000001	16.4166666
Guitar Men: The Darkest Secret of Rock'n Roll (2008) (V)	Berlin, Germany	52.5170365	13.3888599
Gusarski pohod (2000)	Ljubljana, Slovenia	46.0499803	14.5068602
H2O: A Journey of Faith (2006) (V)	Reno, Nevada, USA	39.5261206	-119.8126581
Haggle (2010)	Fort Worth, Texas, USA	32.753177	-97.3327459
Hallelujah (2003) (TV)	Israel	31.5313113	34.8667654
Hammurabi's Code (2015)	Los Angeles, California, USA	34.0536909	-118.242766
Hannah: Buddhism's Untold Journey (2014)	Hong Kon	35.4383735	139.6446026
Happy Now (2001)	Barmouth, Gwynedd, Wales, UK	52.7210389	-4.0535692
Harvest of Fear (2004)	SE 34th Avenue & Belmont Street, Portland, Oregon, USA	45.5185817	-122.629562
Have Mercy on Light (2011)	Durango, Colorado, USA	37.2713951	-107.8815978
Head Games (2011)	Rhode Island, USA	41.7962409	-71.5992372
Heartbeat (2012) (V)	West Desert, Utah, USA	39.0880274	-110.3187608
Heckle (2013)	Yorkshire, England, U	53.9673368	-1.086001272778343
Hell Hath No Fury 7 (2015)	Yarraville, Victoria, Australi	-37.8158955	144.8899037
Helping Hand (2015)	North Hollywood, Los Angeles, California, USA	34.1729044	-118.3740371
Herb & Dorothy (2008)	Elmira, New York, USA	42.0897965	-76.8077338
Heroes Behind the Badge: Sacrifice & Survival (2013)	Fort Worth, Texas, US	32.753177	-97.3327459
Hey Ted, Whatdoyouthinkaboutmegettingoutofherealittleearlytoday? (2008)	Treviso, Veneto, Italy	45.806691349999994	12.206315763116372
High Ice (1980) (TV)	Mount Baker, Washington, USA	48.7767986	-121.814467
Hildegard von Bingen - Eine Frau des 12. Jahrhunderts (1998) (TV)	Rhineland-Palatinate, Germany	49.9531599	7.310646
His Trust: The Faithful Devotion and Self-Sacrifice of an Old Negro Servant (1911)	Fort Lee, New Jersey, USA	40.8509333	-73.9701382
Hitman (2007/I)	Ivan Vazov National Theatre, Sofia, Bulgaria	42.6942943	23.3262896
Holding Hands (2009)	San Francisco, California, USA	37.7790262	-122.4199061
Hollywood Without Make-Up (1963)	Santa Monica, California, US	34.0194704	-118.4912273
Honey I Blew Up the Kid (1992)	Orlando, Florida, USA	28.5421109	-81.3790304
Hope Cafe (2013)	Ashland, Oregon, USA	42.1972487	-122.7153995
Hostage (2005)	Azusa, California, USA	34.1338751	-117.9056046
Hotel for Dogs (2009)	West Valley Animal Shelter, Chatsworth, Los Angeles, California, USA	34.2433868	-118.5837106
How Did So Many Soldiers Survive the Trenches? (2014) (V)	Elephant and Castle, Southwark, London, England, UK	51.4948884	-0.1005731
How to Love A Sista (????)	Atlanta, Georgia, USA	33.7489924	-84.3902644
Hugo Cantarra: Mercury (2016) (V)	Beijing, Chin	39.9065084	116.3912391
Hutongless (2006)	Beijing, China	39.9065084	116.3912391
I Am An Individual (2017)	Suesca, Colombia	5.13310375	-73.80332664333181
I Don't Speak German (2006)	East Los Angeles, California, USA	34.0239015	-118.1720157
I Need More Blood (2006) (V)	Eugene, Oregon, USA	44.0505054	-123.0950506
I Wish I Was Gay (2011)	Hollywood, California, USA	34.0980031	-118.329523
I tre volti (1965)	Fiumicino Airport, Fiumicino, Lazio, Italy	41.8144309	12.226901204880779
Ich - In Serie (2011)	Neuss, North Rhine-Westphalia, Germany	51.1981778	6.6916476
If It's Tuesday, It Still Must Be Belgium (1987) (TV)	Rome, Lazio, Italy	41.8933203	12.4829321
Il barbiere di Rio (1996)	Rome, Lazio, Italy	41.8933203	12.4829321
Il mestiere delle armi (2001)	Soncino, Cremona, Lombardia, Italy	45.3989753	9.8744242
Il vangelo secondo Matteo (1964)	Ouarzazate, Morocco	30.920193	-6.910923
Images (1997)	Queens, New York City, New York, USA	40.7498243	-73.7976337
Impressions de France (1982)	France	46.603354	1.8883335
In Heroic Fashion (2009)	Harrisburg, Pennsylvania, USA	40.2663107	-76.8861122
In Search of a Nation (2015)	Jhapa, Nepal	26.51355995	87.8662999032696
In the Belly of a Whale (2011)	Berlin	52.5170365	13.3888599
In the Shadows (2017/II)	Los Angeles, California, US	34.0536909	-118.242766
Ineffable (2017)	France	46.603354	1.8883335
Inka 1946 (2007) (TV)	Gdansk, Pomorskie, Poland	54.36143405	18.62821847557274
Inside Hubble's Final Mission (2009) (TV)	Houston, Texas, USA	29.7589382	-95.3676974
Interview with the Vampire: The Vampire Chronicles (1994)	Market Street, San Francisco, California, USA	37.7804814	-122.4126354
Inu to arukeba: Chirori to Tamura (2004)	Japan	36.5748441	139.2394179
Ipotesi (2007)	Kidderminster, Worcestershire, England, UK	52.3880787	-2.2478582
Is This Seat Taken (2003)	Oxnard, California, USA	34.1976308	-119.1803818
It's Now or Never (1996)	Ireland	52.865196	-7.9794599
Izzat (1968)	Manali, Himachal Pradesh, India	32.26309405	77.18812183241408
Jack Strong (2014)	Gdansk, Pomorskie, Poland	54.36143405	18.62821847557274
Jan und die Schwindlerin (1947)	Klaipeda, Lithuania	55.7127529	21.1350469
Jeanine (2015)	Los Angeles, California, USA	34.0536909	-118.242766
Ji yin jue ding wo ai ni (2007)	Xiamen, Fujian Province, China	24.4801069	118.0853479
Jo Bole So Nihaal (2005)	Miami, Florida, USA	25.7741728	-80.19362
John Davidson with Love (1972) (TV)	Nashville, Tennessee, USA	36.1622296	-86.7743531
Journey (2018)	Houston, Texas, USA	29.7589382	-95.3676974
Judaiyaan (2017)	Anand Park, Amritsar, Punjab, India	31.6343083	74.8736788
Julius Caesar (2005) (TV)	Det Kongelige Teater, Copenhagen, Denmark	55.6790285	12.586433295517082
Jusqu'ï¿½ toi (2009)	Paris, France	48.8566969	2.3514616
Justice (2004)	Minnesota, USA	45.9896587	-94.6113288
Kaamraj (????)	Dubai, United Arab Emirates	25.0750095	55.18876088183319
Kansay's Glorious Death (2017)	St. Louis, Missouri, US	38.6264178	-90.1998378
Kart Attack (2009)	California, USA	36.7014631	-118.755997
Kaurismï¿½ki & Kaurismï¿½ki (1994) (TV)	Finland	63.2467777	25.9209164
Kick the Lion (2006)	Tanzania	-6.5247123	35.7878438
Killing Poe (2016)	Arlington Heights, Illinois, US	42.0811563	-87.9802164
King of New York (1990)	436 W. 162nd St., New York City, New York, US	40.8351502	-73.9389293
Kiss Me Bro (2015)	Las Vegas, Nevada, US	36.1672559	-115.1485163
Klikt (2009)	Minneapolis, Minnesota, USA	44.9772995	-93.2654692
Kocken (2005)	South Africa	-28.8166236	24.991639
Kramers Crisis (2003)	Noord-Holland, Netherlands	52.7212825	4.820665
Kubrick (2008)	London, England, UK	51.5073219	-0.1276474
Kutlug Ataman (2011)	Spain	39.3260685	-4.8379791
L'Atlantide (1921)	Ahaggar Mountains, Algeria	23.284083	5.5320051
L'uomo del colpo perfetto (1967)	Beirut, Lebanon	33.8959203	35.47843
La batalla del Ebro (1938)	Gandesa, Tarragona, Catalonia, Spain	41.0520413	0.4388956
La caza del oro (1972)	Rome, Lazio, Italy	41.8933203	12.4829321
La culture de la betterave: les effets du nitrate de soude du Chili (1928)	France	46.603354	1.8883335
La muerte de un valiente (2000) (V)	Mexico	22.5000485	-100.0000375
La passante du Sans-Souci (1982)	Berlin, Germany	52.5170365	13.3888599
La sonrisa de los pobres (1964)	Mexico	22.5000485	-100.0000375
Labor Day (2013)	Wilson's Diner - 507 Main Street, Waltham, Massachusetts, USA	42.37718495	-71.23094055
Lagori (2017)	Kolkata, West Bengal, India	22.5414185	88.35769124388872
Land of Smiles (2017)	Thailand	14.8971921	100.83273
Las Armas del Alba (2013)	Durango, Mexic	24.833333	-104.833333
Last Night (2008/I)	Atlanta, Georgia, USA	33.7489924	-84.3902644
Layer Cake (2004)	London, England, UK	51.5073219	-0.1276474
Le bonheur de Pierre (2009)	Gare du Nord, Paris 10, Paris, France	48.881399	2.357438
Le couperet (2005)	Beaufays, Belgium	50.5589633	5.6387759
Le petit prince a dit (1992)	Switzerland	46.7985624	8.2319736
Least Among Saints (2012)	Los Angeles, California, USA	34.0536909	-118.242766
Legacy Point (2016)	Limerick, Ireland	52.661252	-8.6301239
Lena and Bonnie (1978) (TV)	South Bank Centre, South Bank, Lambeth, London, England, U	51.5080347	-0.1096808
Les ex font la loi (2001) (TV)	Pontoise, Val-d'Oise, France	49.0508845	2.1008067
Lessons in Seeing (2018)	Houston Texas, US	29.7589382	-95.3676974
Lianna (1983)	New York City, New York, USA	40.7127281	-74.0060152
Liebesgeschichten (1943)	Tiergarten, Berlin, Germany	52.5097776	13.3572597
Life in Frisco (2012)	Brooklyn, New York City, New York, USA	40.6501038	-73.9495823
Light on the Sea (Vanity Fair) (2016)	Greece	38.9953683	21.9877132
Lime and Davenport (2012)	USA	39.7837304	-100.4458825
Little Lord Fauntleroy (1914)	England, UK	52.5310214	-1.2649062
Live by Night (2016)	1331 Newcastle Street, Brunswick, Georgia, US	31.14682411991055	-81.49461944476118
Ljubica (1978)	Trg kralja Tomislava, Zagreb, Croatia	45.8061005	15.978698130118095
Locked Away (2010)	Los Angeles, California, USA	34.0536909	-118.242766
London Wall (????)	West Sussex, England, U	50.94458445	-0.5278477012862655
Look at Me (2008/II)	Los Angeles, California, USA	34.0536909	-118.242766
Loretta (????)	Los Angeles, California, USA	34.0536909	-118.242766
Los fantasmas que aman demasiado (1987)	Mexico	22.5000485	-100.0000375
Los vuelcos del corazï¿½n (1996)	Mexico City, Distrito Federal, Mexico	19.2667215	-99.1269583
Lost Vegas Hiway (2017)	Austin, Texas, US	30.2711286	-97.7436995
Loulou Foundation: CDKL5 (2016) (V)	Philadelphia, Pennsylvania, USA	39.9527237	-75.1635262
Love Life (2006)	Palm Springs, California, USA	33.772179449999996	-116.49529769785079
Loving (1970)	New York City, New York, USA	40.7127281	-74.0060152
Lucky Numbers (2000)	Sacramento, California, US	38.5810606	-121.4938951
MSG: The Messenger (2015)	Dalhousie, Himachal Pradesh, Indi	32.54357545	75.94484088677805
Machine Soul (2015)	Berlin, Germany	52.5170365	13.3888599
Made in Israel (2001)	Odem, Israel	33.1943741	35.7483145
Maenbal-ui Kibong-i (2006)	South Korea	36.638392	127.6961188
Mahi NRI (2017)	Punjab, Indi	30.9293211	75.5004841
Make Your Move (2013)	New York City, New York, USA	40.7127281	-74.0060152
Malady (2015)	Northampton, U	52.2381355	-0.8963907
Mar i cel (2006) (TV)	Teatre Nacional de Catalunya, Barcelona, Catalonia, Spain	41.3999764	2.185709260410055
Maria De Luna (????)	Mexico	22.5000485	-100.0000375
Marked for Death (1990)	Santa Clarita, California, USA	34.3916641	-118.542586
Martyr Harry (2014)	Falkirk, West Lothian, Scotland, UK	55.9757951	-3.6132753
Masquerade at Heist (2014)	Lake Charles, Louisiana, US	30.2265949	-93.2173759
Matkamuistoja (2012)	World Trade Center, Manhattan, New York City, New York, US	40.7118877	-74.0124412
May Through August (2015)	Sacramento, California, USA	38.5810606	-121.4938951
Me, Cake and Toaster Oven (2013)	New York City, New York, US	40.7127281	-74.0060152
Meet Beau Dick (2017)	Haida Gwaii, British Columbia, Canada	52.689369299999996	-131.89407508944993
Mein halbes Leben (2008)	Upper Austria, Austria	48.25	14.0
Memoria Draco (2018)	Kent, England, U	51.2474823	0.7105077
Mesa Verde (2007)	Frascati, Rome, Lazio, Italy	41.8082452	12.6803684
Mexican Cuisine (2011)	San Francisco, California, USA	37.7790262	-122.4199061
Michael Clayton (2007)	USA	39.7837304	-100.4458825
Midnight Shift (2017)	Greensboro, North Carolina, USA	36.0726355	-79.7919754
Milano 2015 Exposed (2010)	Milano, Italy	45.4668	9.1905
Mio fratello ï¿½ figlio unico (2007)	Rome, Lazio, Italy	41.8933203	12.4829321
Misiï¿½n suicida (1973)	Acapulco, Guerrero, Mexico	16.8680495	-99.8940182
Mission (2016/I)	Fayetteville, North Carolina, USA	35.0525759	-78.878292
Mit siebzehn beginnt das Leben (1953)	Switzerland	46.7985624	8.2319736
Modern Girls (1986)	Los Angeles, California, USA	34.0536909	-118.242766
Money to Burn (1983)	Nassau, New Providence Island, Bahamas	25.0783456	-77.3383331
Montana (2007)	Santa Clarita, California, USA	34.3916641	-118.542586
Morning Latte (2007)	Los Angeles, California, USA	34.0536909	-118.242766
Mujeres satisfechas (2006) (V)	Catalonia, Spain	41.8523094	1.5745043
Murder Weapon (1989)	Beverly Hills, California, USA	34.0696501	-118.3963062
My Banana (2008)	Ottawa, Ontario, Canada	45.421106	-75.690308
My Father, Mi Padre (2014)	West Palm Beach, Florida, USA	26.715364	-80.0532942
My Lover, My Son (1970)	Piccadilly, London, England, U	51.5032856	-0.1509692
My Sweet Audrina (2016) (TV)	Canada	61.0666922	-107.991707
Mï¿½nchhausen (1943)	Berlin, German	52.51865375	13.376101367237903
Namaste (2008)	Nepal	28.1083929	84.0917139
Nashville (1975)	Centennial Park, Nashville, Tennessee, USA	36.1498435	-86.81407355226804
Nature (2011) (V)	Oregon, USA	43.9792797	-120.737257
Neo (????)	California, USA	36.7014631	-118.755997
Never Give Up 3D (2011)	Hong Kong, China	22.2793278	114.1628131
New World Symphony Wallcast Tm Concert 13 (2012) (V)	New World Center, Miami Beach, Florida, US	25.79147	-80.13343936709336
Ni shi tian shi (2007)	Beijing, China	39.9065084	116.3912391
Night & Day Losers (2006)	Chesterfield, Michigan, USA	42.648424	-83.423096
No Comments (1985)	Helsinki, Finland	60.1674881	24.9427473
No Rest for the Wicked (2015)	Dustin, Oklahoma, US	35.2706529	-96.0308348
No.5 Reversal (1989)	Hamilton, Ontario, Canada	43.2560802	-79.8728583
Noite no Mixam (2005)	Rio de Janeiro, Brazil	-22.9110137	-43.2093727
Norsk (2009)	Manchester, Greater Manchester, England, UK	53.4794892	-2.2451148
Not Here, Not There (2009)	Costa Rica	10.2735633	-84.0739102
Noticed (2009)	Los Angeles, California, USA	34.0536909	-118.242766
Nur... (2014)	Selb, Bavaria, Germany	50.169121	12.1297769
Obscura (2016)	Carson City, Nevada, US	39.1649125	-119.7666496
Odd Girl Out (2005) (TV)	Louisiana, USA	30.8703881	-92.007126
Offen fï¿½r Neues* (2014)	Haidhausen, Munich, Bavaria, Germany	48.1305229	11.5965839
Oka Manasu (2016)	Vijayanagaram, Andhra Pradesh, India	18.1139259	83.3979562
Ollin, Mï¿½xico y su diversidad cultural (????)	Puerto Escondido, Oaxaca, Mexico	15.8693331	-97.0726428
On the Line (2011/I)	California, USA	36.7014631	-118.755997
One Love (2006)	Bern, Kanton Bern, Switzerland	46.9482713	7.4514512
Only a Sister (1911)	San Antonio, Texas, USA	29.4246002	-98.4951405
Operation Avalanche (2016)	Shepperton Studios, London, England, UK	51.444491549999995	-0.3430189489742045
Ordinary Men (2010)	London, England, UK	51.5073219	-0.1276474
Osanpo (2006)	Tokyo, Japan	35.6828387	139.7594549
Ottamuri Velicham (2017)	Indi	22.3511148	78.6677428
Our World: The Sex Slaves of Al Shabaab (2017)	Nairobi, Kenya	-1.3031689499999999	36.826061224105075
Outage (2017)	Atlanta, Georgia, USA	33.7489924	-84.3902644
Overdos (2010)	Los Angeles, California, USA	34.0536909	-118.242766
PPPasolini (2015)	Morocco	31.1728205	-7.3362482
Pahaa verta (2013)	Tampere, Finland	61.4980214	23.7603118
Panorama: The Corruption of Racing (2002) (TV)	Goodwood, Chichester, West Sussex, England, U	50.8595416	-0.758385442306311
Paranoid Park (2007)	Portland, Oregon, USA	45.5202471	-122.6741949
Pass the Ball (2013)	Mozambique	-19.302233	34.9144977
Path to Geshe (2011)	India	22.3511148	78.6677428
Paulina (1998)	Mexico City, Distrito Federal, Mexico	19.2667215	-99.1269583
Pearls Negras (2014)	Rio de Janeiro, Rio de Janeiro, Brazil	-22.9110137	-43.2093727
Penitence (????)	Adlington, Cheshire, England, U	53.3196437	-2.125107312893968
Perry St (2010)	Manhattan, New York City, New York, USA	40.7896239	-73.9598939
Peter's Lens (2015)	San Diego, California, US	32.7174202	-117.1627728
Philosurfers (2017)	New York City, New York, US	40.7127281	-74.0060152
Pictures of Lily (2013)	Brighton, East Sussex, England, UK	50.836257950000004	-0.29412398246015004
Pilot (2018) (2018) (TV)	Los Angeles, California, USA	34.0536909	-118.242766
Piranha 3D (2010)	Lake Havasu, Arizona, USA	34.414006099999995	-114.29112575627876
Plagio (1969)	Sant'Apollinare in Classe, Ravenna, Emilia-Romagna, Italy	44.38028305	12.233023569969017
Playa azul (1982)	Lanzarote, Canary Islands, Spain	29.03970805	-13.636291608604138
Plus (2007)	New York City, New York, USA	40.7127281	-74.0060152
Poltergeist III (1988)	Los Angeles, California, US	34.0536909	-118.242766
Portraits of Possibility (1998)	Philadelphia, Pennsylvania, USA	39.9527237	-75.1635262
Prag i srpski slikari (Praha a srbsti maliri) (2012)	Czech Republic	49.8167003	15.4749544
Pretty Bad Shape (2016)	Austin, Texas, USA	30.2711286	-97.7436995
Primera nieve (2006)	Argentina	-34.9964963	-64.9672817
Private Gold 30: Fatal Orchid (1998) (V)	Phuket, Thailand	7.9366015	98.3529292
Pronto (1997) (TV)	Corfu, Greece	39.591337	19.859618918733858
Pulp Comics: Louis C.K.'s Filthy Stupid Talent Show (1999) (TV)	Manhattan, New York City, New York, USA	40.7896239	-73.9598939
Purgatory Saloon (2015)	Half Moon Bay, California, US	37.4635519	-122.428586
Pï¿½ra-me de repente o pensamento (2014)	Porto, Portugal	41.1494512	-8.6107884
Race to Gunnison (2006) (V)	Gunnison, Colorado, USA	38.6476702	-107.0603126
Raja Surja Kha (2012)	Cox's Bazar, Banglades	21.16587175	92.03996424949702
Ranpo jigoku (2005)	Yuigahama Beach, Kamakura, Kanagawa, Japan	35.309210050000004	139.5425218652167
Ravi Shankar's Music Festival from India (1975) (TV)	Royal Albert Hall, South Kensington, London, England, UK	51.501004449999996	-0.17739457896545874
Real Genius (1985)	California, USA	36.7014631	-118.755997
Reckless: The Movie (1998) (TV)	Manchester, Greater Manchester, England, U	53.4794892	-2.2451148
Red Light (1949)	San Francisco, California, USA	37.7790262	-122.4199061
Redlight Greenlight (2010)	Century City, Los Angeles, California, USA	34.0573589	-118.4146078
Regression (2015/I)	Mississauga, Ontario, Canada	43.5896231	-79.6443879
Rent a Friend (2000)	Mexico	22.5000485	-100.0000375
Retreat (2010)	Surrey, England, UK	51.2715316	-0.3414523511290909
Reveal: A Look Into the Des Moines Arts Festival Jury Process (2016)	Des Moines, Iowa, USA	41.5910323	-93.6046655
Rewind (2005/III)	Barcelona, Catalonia, Spain	41.3828939	2.1774322
Rickshaw Man (2014)	New Delhi, Delhi, Indi	28.6138954	77.2090057
Rigodon (2005)	Philippines	12.7503486	122.7312101
Rise of Jobba Fett (2015)	Honolulu, Hawaii, USA	21.304547	-157.8556764
Roanoke: The Lost Colony (2007)	West Wittering, West Sussex, England, UK	50.7833912	-0.8919885708914357
Rocinante (2016)	Westport, Connecticut, USA	41.1414855	-73.3578955
Rodents (2010)	Waukesha, Wisconsin, USA	43.0116784	-88.2314813
Roman Polanski and Jerzy Skolimowski on 'Knife in the Water' (2003) (V)	Paris, Franc	46.540641	4.5407089
Runamuk (1978) (TV)	Malibu, California, US	34.035591	-118.689423
Russia's Toughest Prisons (2011)	Black Dolphin Prison, Sol-Iletsk, Orenburg Oblast, Russia	51.15530785	54.992598176461684
S i n (2014)	Oakland, New Jersey, USA	41.0220483	-74.2430988
Saajan Bina Suhagan (1978)	Simla, Himachal Pradesh, India	31.1041526	77.1709729
Safe Haven (2016)	Casselberry, Florida, US	28.6714702	-81.3382005
Salaam (2009)	Athens, Ohio, USA	39.3289242	-82.1012479
Sam (2016/VIII)	The Beach Ballroom, Aberdeen, Scotland, UK	57.155283049999994	-2.0796770980817065
San Francisco Good Times (1977)	San Francisco, California, USA	37.7790262	-122.4199061
Sans soleil (1983)	Tokyo, Japan	35.6828387	139.7594549
Sarfarosh (1930)	Lahore, Pakistan	31.5656822	74.3141829
Savage Streets (1984)	Los Angeles, California, USA	34.0536909	-118.242766
Saï¿½d (1998)	Calafell, Tarragona, Catalonia, Spain	41.2014639	1.5680321
Scent (2010/I)	England, UK	52.5310214	-1.2649062
Scrapbook of Blood (2014)	Viola, Delaware, USA	39.0428907	-75.5718695
Se7en (1995)	Los Angeles, California, USA	34.0536909	-118.242766
Sebring (2018)	Philadelphia, Pennsylvania, USA	39.9527237	-75.1635262
Secrets of the Hollywood Body (2009) (TV)	New York, USA	40.7127281	-74.0060152
Seerosensommer (2011) (TV)	Potsdam, Brandenburg, Germany	52.4009309	13.0591397
Semper Fi: One Marine's Journey (2007) (TV)	Los Angeles, California, USA	34.0536909	-118.242766
Serbie, annï¿½e zï¿½ro (2001)	Sarajevo, Bosnia-Herzegovina	43.8519774	18.3866868
Seuteuraikeo (2000)	South Korea	36.638392	127.6961188
Sex, Love & Salsa (2014)	Brooklyn, New York City, New York, USA	40.6501038	-73.9495823
Shadow of a Hero (2015)	Denmark	55.670249	10.3333283
Shampoo (1975)	2324 Sunset Plaza Dr., Los Angeles, CA, US	34.1032113	-118.3824877
Shattered Hopes: The True Story of the Amityville Murders - Part I: From Horror to Homicide (2011)	Amityville, Long Island, New York, USA	40.6789893	-73.4170673
Shells (2015)	Crookham Village, Hampshire, England, U	51.2611407	-0.8622987222960721
Shining Through (1992)	Hammersmith, London, England, UK	51.4920377	-0.2236401
Shooting Michael Moore (2008)	Cuba	23.0131338	-80.8328748
Showstopper (2018)	Auckland, New Zealand	-36.852095	174.7631803
Sibling Sabotage (2017)	Sarasota, Florida, USA	27.3364347	-82.5306527
Sigma (2017)	Grand Rapids, Michigan, US	42.9632405	-85.6678639
Silent Victim (1993) (TV)	Newnan, Georgia, USA	33.3806716	-84.7996573
Simshar (2014)	Malta	35.8885993	14.4476911
Sisters, Thank You Very Much! (2004)	Brooklyn, New York City, New York, USA	40.6501038	-73.9495823
Skyfall (2012)	Virgin Active Pool, Canary Wharf, Isle of Dogs, London, England, U	51.5066931	-0.02890096137428932
Sleeping with Fate (2013)	Baltimore, Maryland, USA	39.2908816	-76.610759
Snow White (2001) (TV)	Vancouver, British Columbia, Canada	49.2608724	-123.1139529
Soccer Stories (2007)	New York City, New York, USA	40.7127281	-74.0060152
Some Break (2006)	UK	54.7023545	-3.2765753
Sometimes in Life (2008)	Garden City, Michigan, USA	42.3255929	-83.3310422
Sorority House Massacre (1986)	USA	39.7837304	-100.4458825
Sounds from the Fog (2013)	Austri	47.2	13.2
Speak of the Devil (1989)	Los Angeles, California, USA	34.0536909	-118.242766
Sperm Whale: Roya's Selection (2017)	Noshahr, Mazandaran, Iran	36.6633394	51.46526828488244
Spirit of the Kata (1985)	Vancouver, British Columbia, Canada	49.2608724	-123.1139529
Spotlight on the World We Live In (1951)	London, England, UK	51.5073219	-0.1276474
Srecna Mladina (2004)	Ljubljana, Slovenia	46.0499803	14.5068602
Star Wars: Episode VI - Return of the Jedi (1983)	Smith River, California, USA	41.9281678	-124.1470274
Steam in South Australia (2006) (V)	Adelaide Hills, South Australia, Australi	-34.901351649999995	138.8293202817461
Stestï¿½ (2005)	Most, Czech Republic	50.5032737	13.636112
Stilyagi (2008)	ulitsa Tverskaya, Tverskoy District, Moscow, Russia	55.7648759	37.6062783
Stopped Dead (2009) (V)	Florida, USA	27.7567667	-81.4639835
Stranded N Dangriga (2013)	Beliz	16.8259793	-88.7600927
Street Ballad: A Jakarta Story (2011)	Jakarta, Indonesia	-6.1753942	106.827183
Stripperland (2011) (V)	Portland, Oregon, USA	45.5202471	-122.6741949
Suddenly It's Magic (2012)	Sarrat, Ilocos Norte, Philippines	18.1568444	120.6443463
Summer Colony (2013) (V)	Pretty Marsh, Maine, USA	44.3403569	-68.3991852
Sundown (2002)	Los Angeles, California, USA	34.0536909	-118.242766
Super Fly Hard (2001)	Utah, USA	39.4225192	-111.714358
Supervention (2013/II)	Alaska, USA	64.4459613	-149.680909
Surviving the Game (1994)	South Street Bridge, Philadelphia, Pennsylvania, US	39.9468739	-75.18681810150156
Sweetheart (????/I)	New Jersey, USA	40.0757384	-74.4041622
Sye Ten Bruggencate Preaching-Debating, U of Penn (2013) (V)	University of Pennsylvania, Philadelphia, Pennsylvania, USA	39.9493382	-75.18964402998125
TTIP: el negocio del dinero (2016)	Barcelona, Spain	41.3828939	2.1774322
Tailfeathers (2005)	Marina del Rey, California, USA	33.9776848	-118.4486479
Taking Care of yOur Ground Water (2009)	Fort Collins, Colorado, USA	40.5508527	-105.0668085
Tam Kde Padla Noc (2016)	Kosice, Slovakia	48.7172272	21.2496774
Taped (2014/I)	Dubai Investments Park, United Arab Emirates	24.9779669	55.1911925
Tattoos: A Scarred History (2009)	Los Angeles, California, USA	34.0536909	-118.242766
Tears of Buddha (1973)	South Korea	36.638392	127.6961188
Ten no Chasuke (2015)	Naha, Okinawa, Japan	26.2122345	127.6791452
Terminus (2007/I)	Vancouver, British Columbia, Canada	49.2608724	-123.1139529
That Summer Day (2006) (TV)	London, England, UK	51.5073219	-0.1276474
The 21st Annual TV Week Logie Awards (1979) (TV)	Melbourne, Victoria, Australia	-37.8142176	144.9631608
The Amazing Adventures of Little Batman (2007)	Ardsley, New York, USA	41.0106531	-73.8437452
The Apology (2008/I)	Canberra, Australian Capital Territory, Australia	-35.2975906	149.1012676
The Assassination of Richard Nixon (2004)	Alameda, California, USA	37.6090291	-121.899142
The Base (1999) (V)	Jefferson Memorial - 900 Ohio Drive SW, Washington, District of Columbia, US	38.881406299999995	-77.03655117790537
The Bell (1989)	San Juan, Puerto Rico	18.465299	-66.116666
The Big Fight: Muhammad Ali - Joe Frazier (1975)	Metro Manila, Philippines	14.5736108	121.0329706
The Birth of a Queen: Directing a Drag Classic (2005) (V)	Coober Pedy, South Australia, Australi	-29.01639205	134.75696701291264
The Blood of Satan (2012) (TV)	Huntington Park, California, USA	33.9827043	-118.2120343
The Books of John (2007) (V)	Atlanta, Georgia, USA	33.7489924	-84.3902644
The Broken Land (1962)	Sonoran Desert, Arizona, USA	32.2598642	-112.9262583
The Butt Sisters Do Daytona (1995) (V)	Daytona Beach, Florida, USA	29.2108147	-81.0228331
The Chamber (1996)	Indianola, Mississippi, USA	33.4509513	-90.6550917
The Coca-Cola Kid (1985)	Narrow Neck, New South Wales, Australia	-30.6858375	151.9743678
The Composer (????/III)	London, England, U	51.53408105	-0.4879760552033172
The Cotton Club (1984)	USA	39.7837304	-100.4458825
The Crossing (2000) (TV)	Stouffville, Ontario, Canada	43.9708746	-79.2500689
The Day I Shot President Kennedy (1994)	San Francisco Bay, California, USA	37.71402905	-122.30779415179862
The Death of King Jeffrey (2018)	Sussex, England, UK	50.94451385000001	-0.062267328417847545
The Diplomat (2013)	Germany	51.0834196	10.4234469
The Doors (1991)	Viper Room - 8852 Sunset Blvd., Hollywood, Los Angeles, California, US	34.090449	-118.3847153
The Dying Western (2009)	Lancaster, Ohio, US	39.7136754	-82.5993294
The End (2008/VII)	Venice Beach, Venice, Los Angeles, California, USA	33.97996005	-118.46878181253348
The Eurovision Song Contest (1999) (TV)	I.C.C., Jerusalem, Israel	31.783638099999997	35.23057655
The Face (1998)	Alameda, California, USA	37.6090291	-121.899142
The Fastest Gun Alive of WPD (1989)	Philippines	12.7503486	122.7312101
The Flaming Sword (1915)	Peeks Island, Maine, USA	44.9706131	-69.6150509
The Formulation of Rectangles (2009)	Los Angeles, California, USA	34.0536909	-118.242766
The Frozen Warning (1917)	Chicago, Illinois, USA	41.8755616	-87.6244212
The Gatherer (2014)	Concord, North Carolina, US	35.4094178	-80.5800049
The Girl Who Could Run 600 Miles Per Hour (2006)	Hyannis, Nebraska, USA	42.0000264	-101.7617376
The Godfather: Part II (1974)	Manhattan, New York City, New York, USA	40.7896239	-73.9598939
The Gospel of Thomas (2015)	Shreveport, Louisiana, USA	32.5221828	-93.7651944
The Great Rock 'n' Roll Swindle (1980)	Highgate, London, England, UK	51.5744322	-0.1526837
The Guest (2016/II)	Becklow Road, London, England, UK	51.5054152	-0.2419979
The Hard Way (1991)	Brooklyn, New York City, New York, US	40.6501038	-73.9495823
The Hero (2003/II)	Milford, Connecticut, USA	41.2226155	-73.04622662165758
The Hole (2001)	Shenley Hall, Shenley, Hertfordshire, England, UK	51.694931600000004	-0.27342516347040524
The House I Keep (2010)	Seattle, Washington, USA	47.6038321	-122.3300624
The Incredibly Strange Creatures Who Stopped Living and Became Mixed-Up Zombies!!? (1964)	Angel's Flight Railway, Bunker Hill, Downtown, Los Angeles, California, USA	34.0511576	-118.2499232
The Intestine (2016)	Toronto, Ontario, Canada	43.6534817	-79.3839347
The Jar (2017/IV)	Sheffield, England, U	53.3806626	-1.4702278
The Just (2015)	Baldwin, Wisconsin, USA	44.9666323	-92.3743576
The Last Friday Night (2011)	Anchorage, Alaska, USA	61.2163129	-149.894852
The Last Safari (1967)	Kenya	1.4419683	38.4313975
The Lawless Woman (1931)	Universal City, California, USA	34.1412229	-118.3581941
The Leisure Seeker (2017)	McDonough, Georgia, US	33.4473361	-84.1468616
The Likes of Us (2009)	New York City, New York, USA	40.7127281	-74.0060152
The Locations of 'Aeon Flux' (2006) (V)	Waterworks, Berlin, Germany	52.4476818	13.6440642
The Love Triangle (2015)	Barrington, Rhode Island, US	41.7407661	-71.3084633
The Magnificent Ambersons (1942)	San Bernardino National Forest, California, USA	34.18055525	-116.96850289553923
The Making of Return to Lake Eyre (2011) (V)	Bulloo River, Queensland, Australia	-28.0082365	143.7857901
The Marshall Cooking Show (2004)	Adelaide, South Australia, Australia	-34.9281805	138.5999312
The Men Who Stare at Goats (2009)	New Mexico Military Institute - 101 W. College Boulevard, Roswell, New Mexico, USA	33.411465050000004	-104.5251505494561
The Moons of Koda (2018)	Los Angeles, California, USA	34.0536909	-118.242766
The Neighbourhood (2009)	Toronto, Ontario, Canada	43.6534817	-79.3839347
The Night Swim (2006)	Los Angeles, California, USA	34.0536909	-118.242766
The Object of My Affection (1998)	New York City, New York, USA	40.7127281	-74.0060152
The Opposite of Sex (1998)	Palm Springs, California, USA	33.772179449999996	-116.49529769785079
The Parting (2006/II)	Harrogate, North Yorkshire, England, U	53.9921491	-1.5391039
The Perfect Leave (1998)	North Hollywood, Los Angeles, California, USA	34.1729044	-118.3740371
The Pink Panther (1963)	Cortina d'Ampezzo, Belluno, Veneto, Italy	46.5383332	12.1373506
The Pope of Mineola (2017)	Hudson, New York, USA	42.2528649	-73.790959
The Price of a Broken Heart (1999) (TV)	Monticello, Georgia, US	33.3044654	-83.684096
The Promotional rule (2019)	Clovelly Harbour, Devon, England, U.K.	50.7050979	-3.0607118
The Quick and the Dead (1995)	Sonoita, Arizona, USA	31.6723455	-110.66195553057366
The Real Animated Adventures of Doc and Mharti (2006) (TV)	Los Angeles, California, USA	34.0536909	-118.242766
The Reggae Movie (1995)	Sydney, New South Wales, Australia	-33.8548157	151.2164539
The Revenant (2015)	Argentina	-34.9964963	-64.9672817
The River's End (1920)	Big Bear Lake, Big Bear Valley, San Bernardino National Forest, California, USA	34.253293	-116.93220968731495
The Roommates (1973)	Lake Arrowhead, San Bernardino National Forest, California, USA	34.2489684	-117.1913321
The Saint Steps in... To Colour (2006) (V)	Monaco	43.73844905	7.424224092532953
The Sea Lions' Home (1897)	San Francisco, California, USA	37.7790262	-122.4199061
The Secret of the Storm Country (1917)	Ithaca, New York, USA	42.4396039	-76.4968019
The Shawshank Redemption (Scene) (2012)	Arlington, Texas, USA	32.701938999999996	-97.10562379033699
The Sin Eater (2004)	New York City, New York, USA	40.7127281	-74.0060152
The Snow War (1978)	Rogers Pass, British Columbia, Canada	51.2885507	-117.5143368
The Sparrow and the Tigress (2010)	New York City, New York, USA	40.7127281	-74.0060152
The Strange Case of DJ Cosmic (2009)	Banff, Banff National Park, Alberta, Canada	51.1777781	-115.5682504
The Tamarind Seed (1974)	Paris, Franc	46.540641	4.5407089
The Thickness of Delirium (2007)	Milwaukee, Wisconsin, USA	43.0349931	-87.922497
The Time Machine (I Found at a Yardsale) (2011)	USA	39.7837304	-100.4458825
The Undeniably Untimely Death of Leland Sturgis (2009)	Austin, Texas, USA	30.2711286	-97.7436995
The Valiant Pig (1902)	Paris, France	48.8566969	2.3514616
The Virus (2016)	Phoenix, Arizona, US	33.4484367	-112.0741417
The War Lover (1962)	Cambridge, Cambridgeshire, England, UK	52.2034823	0.1235817
The Wedding Date (2005)	Chilworth Manor, Chilworth, Guildford, Surrey, England, UK	51.2206329	-0.5310167611203902
The Wiggle Show (2007)	Windsor, Ontario, Canada	42.317099	-83.0353434
The Wolf It Is (2014)	Tucson, Arizona, USA	32.2228765	-110.9748477
The World of Art Presents: Mountain Stream (2009) (V)	Raleigh, North Carolina, US	35.7803977	-78.6390989
Then and Now: Tourism (2010)	Manama, Bahrain	26.2235041	50.5822436
They Might Be Giants (1971)	New York City, New York, USA	40.7127281	-74.0060152
Thirteen Hours by Air (1936)	Alhambra, California, USA	34.093042	-118.12706
This Space Between Us (1999)	San Francisco, California, USA	37.7790262	-122.4199061
Three Cheers (1953) (TV)	Old Compton Street, Soho, London, England, U	51.5136642	-0.129979
Through Golden Fields (2010) (V)	Canada	61.0666922	-107.991707
Ti kolybaei kai gelaei? (2003)	Athens, Greece	37.9839412	23.7283052
Time Warp Ghost (2012)	Venice Beach, Venice, Los Angeles, California, USA	33.97996005	-118.46878181253348
To Meet It with Awe (2014)	Notodden, Norway	59.6871024	9.150808170862877
Today's Special: Live on Stage (1981) (TV)	Toronto, Ontario, Canada	43.6534817	-79.3839347
Too Big for the World (2016)	Iceland	64.9841821	-18.1059013
Torn Curtain (1966)	Berlin, Germany	52.5170365	13.3888599
Touched by Water (2006)	Germany	51.0834196	10.4234469
Toya (1956)	Tananger, Norway	58.9374656	5.5896347
Train Station (2015/I)	Barcelona, Catalonia, Spain	41.3828939	2.1774322
Transience (2016)	Bardenas Reales, Navarra, Spain	42.8093011	-1.5936457
Traveling (2011)	Weatherford, Texas, USA	32.7589648	-97.7970748
Tres deseos (2008)	Uruguay	-32.8755548	-56.0201525
TripFLIX (2007) (V)	San Antonio, Texas, USA	29.4246002	-98.4951405
Troubled Soul (2014)	Hilversum, Noord-Holland, Netherlands	52.23158695	5.173493602392345
Truth Be Tolled: 281 Special Edition (2009)	Texas, USA	31.8160381	-99.5120986
Tuhatjï¿½rviltï¿½ pyramiideille (1954)	Helsinki, Finland	60.1674881	24.9427473
Turn Your Radio On: A Tribute to Ken Berryhill (2008)	Nashville, Tennessee, USA	36.1622296	-86.7743531
Twice Upon a Time (2016)	Lebano	-17.3903981	-66.1530403
Two If by Sea (1996)	Nantucket, Massachusetts, USA	41.315731400000004	-70.00901408779944
Tysiac talarï¿½w (1960)	Warsaw, Mazowieckie, Poland	52.2319581	21.0067249
Ukeire (2015)	Wilmore, Kentucky, USA	37.8640406	-84.6601993
Un 'Stains' de musique (2009) (TV)	Stains, Seine-Saint-Denis	48.9565669	2.3825154
Un genio, due compari, un pollo (1975)	Monument Valley, Arizona, USA	36.9820026	-110.1108327
Un vago sin oficio (1958)	Mexico	22.5000485	-100.0000375
Una vida dedicada a los medios: Homenaje a Luis Carbajo (2001) (TV)	Mexico	22.5000485	-100.0000375
Under New Management (1946)	Riverside Studios, Hammersmith, London, England, UK	51.48860355	-0.22746502822660472
Underground: Letter from an Immigrant (2003)	London Underground, London, England, UK	51.49506875	-0.100660709467354
Unfaithful (2002)	Grand Central Station, Manhattan, New York City, New York, USA	40.752701200000004	-73.97724987363358
Universo di notte (1962)	Hong Kong, China	22.2793278	114.1628131
Unstoppable (2008)	Norcross, Georgia, USA	33.9412127	-84.2135309
Untraceable (2008)	Burnside Skatepark, Portland, Oregon, USA	45.52297925	-122.66343782023216
Urban Guerillas (2004)	Germany	51.0834196	10.4234469
Vaikoont (2010)	Edgewater, New Jersey, USA	40.8270448	-73.975694
Vampire Academy (2014)	USA	39.7837304	-100.4458825
Varanasi: Struggling for Survival (2008)	Benares, Varanasi, Uttar Pradesh, India	25.3356491	83.0076292
Velvet Goldmine (1998)	London, England, UK	51.5073219	-0.1276474
Verge of Darkness (1995)	West Chester University, West Chester, Pennsylvania, USA	39.9519084	-75.5972947417381
Victoria Wood Was a Great Giggler (2016) (V)	England, UK	52.5310214	-1.2649062
Vigilante Force (1976)	Simi Valley, California, USA	34.2677404	-118.7538071
Visions from the Enchanted Lands (2007) (V)	German	42.2781117	22.1039047
Vladivostok! (2008)	Vladivostok, Russia	43.1150678	131.8855768
Von Krippen und Kobolden - Weihnachten zwischen Island und Israel (2007) (TV)	Transylvania, Romania	46.5971623	24.3740295
Vse umrut a ya ostanus (2008)	Strogino District, Moscow, Russia	55.8013351	37.4030525
WWE Backlash (2016) (TV)	Richmond, Virginia, USA	37.5385087	-77.43428
Waiting for the Light to Change (2009)	Nashville, Tennessee, USA	36.1622296	-86.7743531
Walking the Dead (2010)	Toronto, Ontario, Canada	43.6534817	-79.3839347
War Crimes (2005) (V)	Hereford, Herefordshire, England, UK	52.0553813	-2.7151735
Warum Siegfried Teitelbaum sterben musste (2016)	Starnberg, Bavaria, German	48.08739165	11.281485466525424
Water: Behind the Scenes of (2004) (V)	Wellington, New Zealand	-41.2887953	174.7772114
We Are the Palliars (2009)	Tamil Nadu, India	10.9094334	78.3665347
WeatherTech Holiday Story (2017) (V)	Hinsdale, Illinois, USA	41.8024604	-87.9299841
Welcome Home: A Family Story (2015)	Barcelona, Catalonia, Spain	41.3828939	2.1774322
When I Sing (2017)	Los Angeles, California, USA	34.0536909	-118.242766
When's Your Birthday? (1937)	Santa Monica Pier, Santa Monica, California, USA	34.00889605	-118.49740225045329
Whiffleball (2008)	Chatham, Massachusetts, USA	41.6820563	-69.9597376
Who's Afraid of Desirï¿½ Dubounet (2007)	Hungary	47.1817585	19.5060937
Wild and Woolly (1917)	Saugus, California, USA	34.4493489	-118.5168257
Wimbledon Official Film 2011 (2011)	Wimbledon, London, England, UK	51.4214787	-0.2064027
Winter Thaw (2016)	Vilnius, Vilnius County, Lithuania	54.6870458	25.2829111
With My Eyes Wide Open (2007)	Brazil	-10.3333333	-53.2
Wonderful London: Barging Through London (1924)	Regent's Canal, Islington, London, England, UK	51.5350561	-0.114875
World Trade Center (2006)	Glen Rock, New Jersey, USA	40.9628758	-74.1329208
X2 (2003)	Victoria, British Columbia, Canada	48.4283182	-123.3649533
YOTP PhotoVoice Project (2015)	Kalamazoo, Michigan, US	42.291707	-85.5872286
Ying hung boon sik (1986)	Hong Kong, China	22.2793278	114.1628131
You Can't See 'round Corners (1969)	Kapooka Camp , New South Wales, Australia	-35.1483333	147.2844444
Young Alexander the Great (2010) (V)	Egypt	26.2540493	29.2675469
Yuban (tierra viva) (2011)	Oaxaca, Mexico	17.0	-96.5
Zamanin carki (2014)	Turkey	38.9597594	34.9249653
Zero (2011/IV)	Ealing Studios, Ealing, London, England, UK	51.508854400000004	-0.3072479528123509
Zlatï¿½ zena (1920)	Prague, Czech Republic	50.0874654	14.4212535
Zonsverduistering (1959) (TV)	Uccle, Belgium	50.8035441	4.3338445
ï¿½Luchando! Cuba's Struggle to Survive (1994)	Havana, Cuba	23.135305	-82.3589631
